vendor,brand,sku,name,price,currency,stock_status,inventory,product_url,image_url,ingredients,description,scraped_at
BioLight,BioLight,,Products,,USD,instock,1,https://www.biolightstore.com/Products_c_17.html,assets/images/BioLight Logo  300 DPI.png,,"These statements have not been evaluated by the Food & Drug Administration. These products or statements are not intended to diagnose, treat, cure, or prevent any disease. The information contained herein is for educational purposes and is not intended or implied to be a substitute for professional medical advice, diagnosis, or treatment. You should always consult with a doctor or other health care professional for medical advice or information about diagnosis and before starting a new treatment.",2025-11-20 09:11:23
Emerson,,,,,USD,instock,1,https://emersonecologics.com/products/detail/Thorne/super-epa/U3ByZWU6OlByb2R1Y3QtOTUwNDc=/T08059,https://assets.fullscript.io/Product/TH0446/400_front.png,,"*These statements have not been evaluated by the Food and Drug Administration. These products are not intended to diagnose, treat, cure, or prevent any disease.",2025-11-20 09:12:06
Emerson,,,,,USD,instock,1,https://emersonecologics.com/products/detail/Thorne/fibermend-11-dot-6-oz/U3ByZWU6OlByb2R1Y3QtNzY2ODY=/T02826,https://assets.fullscript.io/Product/TH0364/400_front.png,,"*These statements have not been evaluated by the Food and Drug Administration. These products are not intended to diagnose, treat, cure, or prevent any disease.",2025-11-20 09:12:07
Emerson,,,,,USD,instock,1,https://emersonecologics.com/products/detail/Thorne/gi-encap-60-vegcaps/U3ByZWU6OlByb2R1Y3QtNzY2MDc=/T14019,https://assets.fullscript.io/Product/TH0347/400_front.png,,"*These statements have not been evaluated by the Food and Drug Administration. These products are not intended to diagnose, treat, cure, or prevent any disease.",2025-11-20 09:12:08
Emerson,,,,,USD,instock,1,https://emersonecologics.com/products/detail/Integrative-Therapeutics/hpa-adapt-120-vegcaps/U3ByZWU6OlByb2R1Y3QtNzYyNDA=/IT10270,https://assets.fullscript.io/Product/IT0098/400_front.png,,"*These statements have not been evaluated by the Food and Drug Administration. These products are not intended to diagnose, treat, cure, or prevent any disease.",2025-11-20 09:12:08
Emerson,,,,,USD,instock,1,https://emersonecologics.com/products/detail/Pure-Encapsulations/thyroid-support-complex-120-caps/U3ByZWU6OlByb2R1Y3QtNzA5Nzg=/THY35,https://assets.fullscript.io/Product/PU0649/400_front.png,,Amount Per Serving Vitamin A ... 750 mcg (as vitamin A acetate) Vitamin C ... 150mg (as ascorbic acid) Vitamin D ... 5 mcg (200 IU) (as cholecalciferol)(D3) Iodine ... 150mcg (from potassium iodide) Zinc ... 20mg (as zinc citrate) Selenium ... 200mcg (as selenomethionine) L-Tyrosine ... 500mg (free-form) Ashwagandha Extract ... 400mg (withania somnifera)(root) (standardized to contain 2.5% withanolides) Forskohlii Extract ... 100mg (coleus forskohlii)(root) (standardized to contain 10% forskolin) Guggul Extract ... 150mg (commiphora mukul)(gum resin) (standardized to contain 2.5% guggulsterones) Turmeric Extract ... 100mg (curcuma longa)(root) (standardized to contain 95% curcuminoids),2025-11-20 09:12:09
Emerson,,,,,USD,instock,1,https://emersonecologics.com/products/detail/Microbiome-Labs/megaigg2000-powder/U3ByZWU6OlByb2R1Y3QtOTUwMjI=/M94856,https://assets.fullscript.io/Product/MB0027/400_front.png,,"Suggested Use: Ages 2+ take 1 scoop daily with or without food, or as directed by a healthcare practitioner. Mix powder into 16 oz of cold water or liquid of your choice. Stir for 20 seconds. Children under the age of 2, please consult your healthcare practitioner. Drink plenty of fluids.",2025-11-20 09:12:10
Emerson,,,,,USD,instock,1,https://emersonecologics.com/products/detail/Quicksilver-Scientific/glutathione-liposomal-1-7oz/U3ByZWU6OlByb2R1Y3QtODM1MjY=/QSGSH01,https://assets.fullscript.io/Product/QS0008/400_front.png,,"*These statements have not been evaluated by the Food and Drug Administration. These products are not intended to diagnose, treat, cure, or prevent any disease.",2025-11-20 09:12:11
Emerson,,,,,USD,instock,1,https://emersonecologics.com/products/detail/Thorne/creatine/U3ByZWU6OlByb2R1Y3QtODI3MTE=/TP0028,https://assets.fullscript.io/Product/TH0411/400_front.png,,"*These statements have not been evaluated by the Food and Drug Administration. These products are not intended to diagnose, treat, cure, or prevent any disease.",2025-11-20 09:12:12
Emerson,,,,,USD,instock,1,https://emersonecologics.com/products/detail/Pure-Encapsulations/digestive-enzymes-ultra-180-caps/U3ByZWU6OlByb2R1Y3QtNzAxNzU=/DIG33,https://assets.fullscript.io/Product/PU0680/400_front.png,,"Amount Per Serving Proprietary Enzyme Blend ... 391mg Providing: Amylase ... 24, 000DU Protease ... 60, 000HUT Protease 6.0 ... 20, 000HUT Glucoamylase ... 30AGU Lactase ... 1, 600ALU Lipase ... 3, 000FIP Beta-glucanase ... 20BGU Invertase ... 900SU Cellulase ... 800CU Alpha-galactosidase ... 120GalU Protease ... 3.020SAPU Phytase ... 10FTU Hemicellulase ... 200HCU",2025-11-20 09:12:13
Emerson,,,,,USD,instock,1,https://emersonecologics.com/products/detail/Pure-Encapsulations/pure-probiotic-allergen-free/U3ByZWU6OlByb2R1Y3QtNzE3MzQ=/PPA6,https://assets.fullscript.io/Product/PU0854/400_front.png,,Amount Per Serving Probiotic Blend ... 5 billion CFU Providing: Bifidobacterium breve (Bb-18) Bifidobacterium lactis (Bb-04) Lactobacillus acidophilus (La-14) Lactobacillus rhamnosus (Lr-32) Lactobacillus plantarum (Lp-115) Bifidobacterium bifidum (Bb-06),2025-11-20 09:12:13
Emerson,,,,,USD,instock,1,https://emersonecologics.com/products/detail/Nordic-Naturals/proomega-lemon-1000-mg/U3ByZWU6OlByb2R1Y3QtNjE3ODA=/PROOM,https://assets.fullscript.io/Product/NO0011/400_front.png,,"Suggested Use: Adults take two soft gels daily, with food, or as directed by your healthcare professional. For ultra high-intensity omega-3 support, take two soft gels twice daily with food. Serving Size: 2 Soft Gels Amount Per Serving Calories … 20 Total Fat … 2 g Total Omega-3s … 1280 mg EPA (Eicosapentaenoic Acid) … 650 mg DHA (Docosahexaenoic Acid) … 450 mg",2025-11-20 09:12:15
Emerson,,,,,USD,instock,1,https://emersonecologics.com/products/detail/Nordic-Naturals/algae-omega-120-softgels/U3ByZWU6OlByb2R1Y3QtODIwNTI=/W01605,https://assets.fullscript.io/Product/NO0095/400_front.png,,"Other Ingredients: marine algal oil (Schizochytrium sp. extract, high-oleic sunflower oil, rosemary extract [a natural preservative], natural mixed tocopherols [antioxidants], ascorbyl palmitate), soft gel capsule (modified cornstarch, glycerin, carrageenan, sorbitol, water, carob color). No gluten, milk derivatives, or synthetic dyes.",2025-11-20 09:12:15
Emerson,,,,,USD,instock,1,https://emersonecologics.com/products/detail/Seed/ds-01-daily-synbiotic/U3ByZWU6OlByb2R1Y3QtMTAwNTg4/SE1644,https://assets.fullscript.io/Product/SED001/400_front.png,,"Suggested Use: Take 2 capsules at once, daily, ideally on an empty stomach, or as recommended by your healthcare professional. Serving Size: 2 Capsules Amount Per Serving (53.6 Billion AFU) Digestive Health Probiotic Blend ... 206mg/37.0 Billion AFU* Bifidobacterium longum SD-BB536-JP, Bifidobacterium breve SD-BR3-IT, Lactiplantibacillus plantarum SD-LP1-IT, Lacticaseibacillus rhamnosus SD-LR6-IT, Lacticaseibacillus rhamnosus HRVD113-US, Bifidobacterium infantis SD-M63-JP, Bifidobacterium lactis SD-BS5-IT, Bifidobacterium lactis HRVD524-US, Lactobacillus crispatus SD-LCR01-IT, Lacticaseibacillus casei HRVD300-US, Bifidobacterium breve HRVD521-US, Bifidobacterium longum HRVD90b-US, Bifidobacterium lactis SD150-BE, Limosilactobacillus fermentum SD-LF8-IT, Lacticaseibacillus rhamnosus SD-GG-BE, Limosilactobacillus reuteri RD830-FR Micronutrient Synthesis Probiotic Blend ... 46mg/8.05 Billion AFU* Bifidobacterium adolescentis SD-BA5-IT, Limosilactobacillus reuteri SD-LRE2-IT Dermatological Health Probiotic Blend ... 37mg/3.3 Billion AFU* Ligilactobacillus salivarius SD-LS1-IT, Bifidobacterium lactis SD-CECT8145-SP, Bifidobacterium longum SD-CECT7347-SP, Lacticaseibacillus casei SD-CECT9104-SP Cardiovascular Health Probiotic Blend ... 18mg/5.25 Billion AFU* Lactiplantibacillus plantarum SD-LPLDL-UK, Bifidobacterium lactis SD-MB2409-IT MAPP Microbiota-Accessible Polyphenolic Precursors™️ ... 400 mg* Indian Pomegranate [rind + arils] (Punica granatum) (>40% polyphenolic + phenolic bioactives) Other Ingredients: Acid-Resistant Vegan Outer [chlorophyllin] and Inner [hypromellose, water] Capsules, organic rice fiber, organic rice extract blend. AFU = Active Fluorescent Units (indicator of probiotic viable cell count) TESTED FOR: dairy, gluten, soy, peanuts, tree nuts, shellfish, sesame, 14 classes of allergens defined by European Food Safety Authority (EFSA) DOES NOT CONTAIN : GMOs, binders, fillers, preservatives Adheres to the following diets: vegan, vegetarian, ketogenic, gluten free, intermittent fasting",2025-11-20 09:12:16
Emerson,,,,,USD,instock,1,https://emersonecologics.com/products/detail/Thorne/berberine-500-60-vegcaps/U3ByZWU6OlByb2R1Y3QtNzY2NTk=/T48008,https://assets.fullscript.io/Product/TH0363/400_front.png,,"Serving Size: 2 Capsules Amount Per Serving Berberine HCl ... 450mg (from Indian Barberry extract) (root) (Berberis aristata) Berberine Phytosome … 550mg (Berberis aristata extract (root)/Phospholipid complex from Pea, Sunflower, Grape Seed) Other Ingredients: Hypromellose (derived from cellulose) capsule, calcium laurate. Manufactured in the USA using US and imported ingredients.",2025-11-20 09:12:17
Emerson,,,,,USD,instock,1,https://emersonecologics.com/products/detail/Microbiome-Labs/megaigg2000-120c/U3ByZWU6OlByb2R1Y3QtOTA5OTU=/M75496,https://assets.fullscript.io/Product/MB0002/400_front.png,,"Suggested Use: Ages 8+: Take 4 capsules daily between meals, before bedtime, or as directed by your healthcare practitioner. Children under 8 years of age, please consult with your healthcare practitioner. Drink plenty of liquids.",2025-11-20 09:12:17
Emerson,,,,,USD,instock,1,https://emersonecologics.com/products/detail/Pure-Encapsulations/dim-detox/U3ByZWU6OlByb2R1Y3QtNzE1MzU=/P13589,https://assets.fullscript.io/Product/PU0884/400_front.png,,"BioResponse DIM® diindolylmethane ... 100mg (complex of starch, diindolylmethane, vitamin E (tocophersolan), phosphatidylcholine and silica) (standardized to contain 25% diindolylmethane) Calcium-D-Glucarate ... 100mg Broccoli ... 100mg (Brassica oleracea italica) sprout concentrate (whole plant) (standardized to contain a minimum of 400 mcg sulforaphane) HMRlignan™ ... 10mg (from Norway spruce knot wood) (containing 7-hydroxymatairesinol) Alpha Lipoic Acid ... 200mg (thioctic acid) N-Acetyl-L-Cysteine ... 200mg (free-form) Milk Thistle ... 150mg (Silybum marianum) extract (seed) (standardized to contain 80% silymarin) L-Methionine ... 200mg (free-form) Glycine ... 100mg (free-form) Taurine ... 100mg (free-form)",2025-11-20 09:12:18
Emerson,,,,,USD,instock,1,https://emersonecologics.com/products/detail/Nordic-Naturals/proomega-2000/U3ByZWU6OlByb2R1Y3QtNzg5Mjk=/N21388,https://assets.fullscript.io/Product/NO0117/400_front.png,,"Suggested Use: Adults take two soft gels daily, with food, or as directed by your health care professional. Serving Size: 2 Softgels Amount Per Serving Calories ... 25 Total Fat ... 2.5g Total Omega-3s ... 2150mg EPA ... 1125mg (Eicosapentaenoic Acid) DHA ... 875mg (Docosahexaenoic Acid) Ingredients: purified deep sea fish oil (from anchovies, sardines, mackerel, and herring), soft gel capsule (gelatin, glycerin, water, natural flavor), natural flavor, RRR-alpha tocopherol (antioxidant), rosemary extract (a natural preservative). No gluten, milk derivatives, wheat, soy, or synthetic dyes. Fish oil from sustainably caught wild fish | Made and quality tested in the U.S. using high-quality, globally sourced ingredients.",2025-11-20 09:12:19
Emerson,,,,,USD,instock,1,https://emersonecologics.com/products/detail/Pure-Encapsulations/liver-g-dot-i-detox-120-vcaps/U3ByZWU6OlByb2R1Y3QtNzA1NjU=/LIV34,https://assets.fullscript.io/Product/PU0616/400_front.png,,Amount Per Serving Alpha Lipoic Acid ... 100mg (thioctic acid) N-Acetyl-L-Cysteine ... 100mg (free-form) Turmeric Extract ... 100mg (curcuma longa)(root) (standardized to contain 95% curcuminoids) Milk Thistle Extract ... 125mg (silybum marianum)(seed) (standardized to contain 80% silymarin) Broccoli Sprout Concentrate ... 100mg (brassica oleracea italica)(whole plant) (standardized to contain a minimum of 400 mcg sulforaphane) Artichoke Extract ... 100mg (cynara scolymus l.)(leaf) Taurine ... 225mg (free-form) Glycine ... 225mg (free-form) L-Glutamine ... 225mg (free-form) L-Methionine ... 100mg (free-form) Chlorella Powder ... 200mg (chlorella pyrenoidosa)(cracked cell wall),2025-11-20 09:12:19
Emerson,,,,,USD,instock,1,https://emersonecologics.com/products/detail/Klaire-Labs-SFI-Health/ther-biotic-complete/U3ByZWU6OlByb2R1Y3QtNzE1NTc=/THER4,https://assets.fullscript.io/Product/VI0287/400_front.png,,"Suggested Use: Adults : 1 capsule daily with food or as directed by a healthcare professional. Children : As directed by a healthcare professional. Serving Size: 1 Capsule Amount Per Serving Probiotic Blend ( 25 billion CFU) ... 255mg* in a base of inulin (from chicory root) Lactobacillus rhamnosus ... 6 billion CFU* Bifidobacterium bifidum ... 5 billion CFU* Lactobacillus acidophilus ... 3 billion CFU* Lactobacillus casei ... 2.5 billion CFU* Lactobacillus plantarum ... 2 billion CFU* Lactobacillus salivarius ... 2 billion CFU* Bifidobacterium longum ... 1 billion CFU* Streptococcus thermophilus ... 1 billion CFU* Lactobacillus bulgaricus ... 1 billion CFU* Lactobacillus paracasei ... 0.5 billion CFU* Bifidobacterium lactis ... 0.5 billion CFU* Bifidobacterium breve ... 0.5 billion CFU* Other Ingredients: Vegetarian capsule (hydroxypropyl methylcellulose, water), InTactic® proprietary polysaccharide complex, and L-leucine. Made without common allergens; milk/casein, eggs, fish, shellfish, tree nuts, peanuts, wheat/gluten, soybeans, and sesame. No synthetic colors, flavors, or preservatives. Non-GMO, Vegetarian.",2025-11-20 09:12:20
Emerson,,,,,USD,instock,1,https://emersonecologics.com/products/detail/Biocidin-Botanicals/g-dot-i-detox-60-caps-1/U3ByZWU6OlByb2R1Y3QtNzU1MDI=/GIDET,https://assets.fullscript.io/Product/BBR005/400_front.png,,"Suggested Use: Take 1 capsule on an empty stomach with a full glass of water or as directed by a healthcare professional. Take 1 hour apart from other medications and supplements. Serving Size: 1 capsule Amount Per Serving Proprietary Herbal Blend ... 500mg Zeolite clay, Activated charcoal, Aloe vera leaf extract, Apple pectin, Silica, Humic powder (Humiplex*) Other Ingredients: Vegetable capsule (hydroxypropyl methylcellulose and water). This product is made without dairy, gluten, soy, corn, animal products, artificial coloring or flavoring.",2025-11-20 09:12:21
Emerson,,,,,USD,instock,1,https://emersonecologics.com/products/detail/Integrative-Therapeutics/cortisol-manager-90-tabs/U3ByZWU6OlByb2R1Y3QtNjI3OTc=/CM30,https://assets.fullscript.io/Product/IT0020/400_front.png,,"Serving Size : 2 Tablets Amount Per Serving Calories … 10 Total Carbohydrate … 1g Sodium … 10mg Stress-Reducing Proprietary Blend … 500mg Ashwagandha (Withania somnifera) (Sensoril® brand) (root, leaf) Extract, L-theanine Cortisol-Reducing Proprietary Blend … 450mg Magnolia (Magnolia officinalis) (bark) Extract standardized to 2% honokiol and 1% magnolol, Epimedium (Epimedium spp.) (aerial parts) Extract Phosphatidylserine … 100mg (from soybean lecithin) Other Ingredients: cellulose, sodium croscarmellose, stearic acid, calcium silicate, magnesium stearate, silica, hypromellose, glycerin",2025-11-20 09:12:21
Emerson,,,,,USD,instock,1,https://emersonecologics.com/products/detail/Pure-Encapsulations/cortisol-calm-120-vcaps/U3ByZWU6OlByb2R1Y3QtNzE0MzM=/COR1,https://assets.fullscript.io/Product/PU0817/400_front.png,,Amount Per Serving Vitamin D ... 10 mcg (400 IU) (as cholecalciferol)(D3) Sensoril® Ashwagandha Extract ... 250mg (withania somnifera)(root and leaf) Rhodiola Extract ... 125mg (rhodiola rosea)(root) (standardized to contain 3% total rosavins and min. 1% salidroside) Magnolia Extract ... 100mg (magnolia officinalis)(bark) (standardized to contain 2% honokiol) L-Theanine ... 50mg,2025-11-20 09:12:22
Emerson,,,,,USD,instock,1,https://emersonecologics.com/products/detail/Thorne/meriva-500-sf-soy-free/U3ByZWU6OlByb2R1Y3QtODUzNTA=/T94790,https://assets.fullscript.io/Product/TH0399/400_front.png,,"Suggested Use: Take 1-2 capsules two times daily or as recommended by your health professional. Serving Size: 2 Capsules Amount Per Serving Curcumin Phytosome ... 1g (Curcuma longa extract (root)/Phospholipid complex from Sunflower) Other Ingredients: Calcium (Citrate), Calcium Laurate, Hypromellose Capsule, Leucine, Microcrystalline Cellulose, Silicon Dioxide",2025-11-20 09:12:23
Emerson,,,,,USD,instock,1,https://emersonecologics.com/products/detail/Tomorrows-Nutrition/tomorrow-s-nutrition-pro-sunfiber-217g/U3ByZWU6OlByb2R1Y3QtOTA1ODU=/TM4020,https://assets.fullscript.io/Product/SF0001/400_front.png,,"Suggested Use: As a dietary supplement, mix approximately one scoop (7 g) into 6-8 ounces of water or any non-carbonated beverage. Serving Size: 1 Scoop (Approx. 7g) Amount Per Serving Calories ... 15 Total Carbohydrate ... 7g Dietary Fiber ... 6g (as Sunfiber®) Sugars ... 0g Sunfiber® Guar Fiber ... 7g (PHGG) Other Ingredients: None.",2025-11-20 09:12:23
Emerson,,,,,USD,instock,1,https://emersonecologics.com/products/detail/Pure-Encapsulations/cortisol-calm-120-vcaps/U3ByZWU6OlByb2R1Y3QtNzE0MzM=/COR6,https://assets.fullscript.io/Product/PU0817/400_front.png,,Amount Per Serving Vitamin D ... 10 mcg (400 IU) (as cholecalciferol)(D3) Sensoril® Ashwagandha Extract ... 250mg (withania somnifera)(root and leaf) Rhodiola Extract ... 125mg (rhodiola rosea)(root) (standardized to contain 3% total rosavins and min. 1% salidroside) Magnolia Extract ... 100mg (magnolia officinalis)(bark) (standardized to contain 2% honokiol) L-Theanine ... 50mg,2025-11-20 09:12:25
Emerson,,,,,USD,instock,1,https://emersonecologics.com/products/detail/Integrative-Therapeutics/cortisol-manager-90-tabs/U3ByZWU6OlByb2R1Y3QtNjI3OTc=/CM90,https://assets.fullscript.io/Product/IT0020/400_front.png,,"Serving Size : 2 Tablets Amount Per Serving Calories … 10 Total Carbohydrate … 1g Sodium … 10mg Stress-Reducing Proprietary Blend … 500mg Ashwagandha (Withania somnifera) (Sensoril® brand) (root, leaf) Extract, L-theanine Cortisol-Reducing Proprietary Blend … 450mg Magnolia (Magnolia officinalis) (bark) Extract standardized to 2% honokiol and 1% magnolol, Epimedium (Epimedium spp.) (aerial parts) Extract Phosphatidylserine … 100mg (from soybean lecithin) Other Ingredients: cellulose, sodium croscarmellose, stearic acid, calcium silicate, magnesium stearate, silica, hypromellose, glycerin",2025-11-20 09:12:37
Emerson,,,,,USD,instock,1,https://emersonecologics.com/products/detail/Nordic-Naturals/proomega-lemon-1000-mg/U3ByZWU6OlByb2R1Y3QtNjE3ODA=/PROO3,https://assets.fullscript.io/Product/NO0011/400_front.png,,"Suggested Use: Adults take two soft gels daily, with food, or as directed by your healthcare professional. For ultra high-intensity omega-3 support, take two soft gels twice daily with food. Serving Size: 2 Soft Gels Amount Per Serving Calories … 20 Total Fat … 2 g Total Omega-3s … 1280 mg EPA (Eicosapentaenoic Acid) … 650 mg DHA (Docosahexaenoic Acid) … 450 mg",2025-11-20 09:12:38
Emerson,,,,,USD,instock,1,https://emersonecologics.com/products/detail/Pure-Encapsulations/liver-g-dot-i-detox-120-vcaps/U3ByZWU6OlByb2R1Y3QtNzA1NjU=/LIV33,https://assets.fullscript.io/Product/PU0616/400_front.png,,Amount Per Serving Alpha Lipoic Acid ... 100mg (thioctic acid) N-Acetyl-L-Cysteine ... 100mg (free-form) Turmeric Extract ... 100mg (curcuma longa)(root) (standardized to contain 95% curcuminoids) Milk Thistle Extract ... 125mg (silybum marianum)(seed) (standardized to contain 80% silymarin) Broccoli Sprout Concentrate ... 100mg (brassica oleracea italica)(whole plant) (standardized to contain a minimum of 400 mcg sulforaphane) Artichoke Extract ... 100mg (cynara scolymus l.)(leaf) Taurine ... 225mg (free-form) Glycine ... 225mg (free-form) L-Glutamine ... 225mg (free-form) L-Methionine ... 100mg (free-form) Chlorella Powder ... 200mg (chlorella pyrenoidosa)(cracked cell wall),2025-11-20 09:12:39
Emerson,,,,,USD,instock,1,https://emersonecologics.com/products/detail/Thorne/meriva-500-sf-soy-free/U3ByZWU6OlByb2R1Y3QtODUzNTA=/T94851,https://assets.fullscript.io/Product/TH0399/400_front.png,,"Suggested Use: Take 1-2 capsules two times daily or as recommended by your health professional. Serving Size: 2 Capsules Amount Per Serving Curcumin Phytosome ... 1g (Curcuma longa extract (root)/Phospholipid complex from Sunflower) Other Ingredients: Calcium (Citrate), Calcium Laurate, Hypromellose Capsule, Leucine, Microcrystalline Cellulose, Silicon Dioxide",2025-11-20 09:12:39
Emerson,,,,,USD,instock,1,https://emersonecologics.com/products/detail/Nordic-Naturals/algae-omega-120-softgels/U3ByZWU6OlByb2R1Y3QtODIwNTI=/N01618,https://assets.fullscript.io/Product/NO0095/400_front.png,,"Other Ingredients: marine algal oil (Schizochytrium sp. extract, high-oleic sunflower oil, rosemary extract [a natural preservative], natural mixed tocopherols [antioxidants], ascorbyl palmitate), soft gel capsule (modified cornstarch, glycerin, carrageenan, sorbitol, water, carob color). No gluten, milk derivatives, or synthetic dyes.",2025-11-20 09:12:40
Emerson,,,,,USD,instock,1,https://emersonecologics.com/products/detail/Thorne/creatine/U3ByZWU6OlByb2R1Y3QtODI3MTE=/T06350,https://assets.fullscript.io/Product/TH0411/400_front.png,,"*These statements have not been evaluated by the Food and Drug Administration. These products are not intended to diagnose, treat, cure, or prevent any disease.",2025-11-20 09:13:20
Emerson,,,,,USD,instock,1,https://emersonecologics.com/products/detail/Klaire-Labs-SFI-Health/ther-biotic-complete/U3ByZWU6OlByb2R1Y3QtNzE1NTc=/K12253,https://assets.fullscript.io/Product/VI0287/400_front.png,,"Suggested Use: Adults : 1 capsule daily with food or as directed by a healthcare professional. Children : As directed by a healthcare professional. Serving Size: 1 Capsule Amount Per Serving Probiotic Blend ( 25 billion CFU) ... 255mg* in a base of inulin (from chicory root) Lactobacillus rhamnosus ... 6 billion CFU* Bifidobacterium bifidum ... 5 billion CFU* Lactobacillus acidophilus ... 3 billion CFU* Lactobacillus casei ... 2.5 billion CFU* Lactobacillus plantarum ... 2 billion CFU* Lactobacillus salivarius ... 2 billion CFU* Bifidobacterium longum ... 1 billion CFU* Streptococcus thermophilus ... 1 billion CFU* Lactobacillus bulgaricus ... 1 billion CFU* Lactobacillus paracasei ... 0.5 billion CFU* Bifidobacterium lactis ... 0.5 billion CFU* Bifidobacterium breve ... 0.5 billion CFU* Other Ingredients: Vegetarian capsule (hydroxypropyl methylcellulose, water), InTactic® proprietary polysaccharide complex, and L-leucine. Made without common allergens; milk/casein, eggs, fish, shellfish, tree nuts, peanuts, wheat/gluten, soybeans, and sesame. No synthetic colors, flavors, or preservatives. Non-GMO, Vegetarian.",2025-11-20 09:13:21
